created_at,tweet_id,tweet_text,screen_name,name,account_creation_date,urls,like
2021-03-03 19:22:19,1367193638036504584,@untal_Homero ¬°Heeey! ¬øC√≥mo est√°s? En Tuenti estamos llegando a todo el Ecuador con la cobertura puedes verificarla‚Ä¶ https://t.co/Sz7MRhdHdZ,TuentiEC,tuentiEC,Wed Apr 22 23:28:13 +0000 2015,"[{'url': 'https://t.co/Sz7MRhdHdZ', 'expanded_url': 'https://twitter.com/i/web/status/1367193638036504584', 'display_url': 'twitter.com/i/web/status/1‚Ä¶', 'indices': [117, 140]}]",0
2021-03-03 19:12:28,1367191159576145922,@Jonh_Evachiu Te esperamooooos en nuestra familia crack!! #NecesitasTuenti ‚ù§Ô∏è,TuentiEC,tuentiEC,Wed Apr 22 23:28:13 +0000 2015,[],0
2021-03-03 18:56:37,1367187169950003206,"@RubnMen65482406 #Despr√©ndete de todos esos contratos aburridos y esas telefon√≠as que no acumulan tus megas üôÖ, en T‚Ä¶ https://t.co/lYYfcISUaI",TuentiEC,tuentiEC,Wed Apr 22 23:28:13 +0000 2015,"[{'url': 'https://t.co/lYYfcISUaI', 'expanded_url': 'https://twitter.com/i/web/status/1367187169950003206', 'display_url': 'twitter.com/i/web/status/1‚Ä¶', 'indices': [117, 140]}]",0
2021-03-03 18:46:26,1367184607737745412,@Jonh_Evachiu Holaaa Jonathan! Puedes verificar nuestra cobertura desde este link: https://t.co/Q5GvZrlWGT P√°sateee‚Ä¶ https://t.co/GFmzRY19yz,TuentiEC,tuentiEC,Wed Apr 22 23:28:13 +0000 2015,"[{'url': 'https://t.co/Q5GvZrlWGT', 'expanded_url': 'https://www.tuenti.ec/mapa-de-cobertura-tuenti', 'display_url': 'tuenti.ec/mapa-de-cobert‚Ä¶', 'indices': [83, 106]}, {'url': 'https://t.co/GFmzRY19yz', 'expanded_url': 'https://twitter.com/i/web/status/1367184607737745412', 'display_url': 'twitter.com/i/web/status/1‚Ä¶', 'indices': [117, 140]}]",0
2021-03-03 18:46:15,1367184564804870145,"@u2m73 Despr√©ndete de todos esos contratos aburridos y esas telefon√≠as que no acumulan tus megasüö´, en Tuenti tienes‚Ä¶ https://t.co/8ZZj9BlKeg",TuentiEC,tuentiEC,Wed Apr 22 23:28:13 +0000 2015,"[{'url': 'https://t.co/8ZZj9BlKeg', 'expanded_url': 'https://twitter.com/i/web/status/1367184564804870145', 'display_url': 'twitter.com/i/web/status/1‚Ä¶', 'indices': [117, 140]}]",1
2021-03-03 18:44:05,1367184017855021064,@NachistaRojo üòé Es hora de dejar atr√°s la letra peque√±a üö´ ac√° podr√°s iniciar el cambio que has estado esperando‚Ä¶ https://t.co/l1T724hMSy,TuentiEC,tuentiEC,Wed Apr 22 23:28:13 +0000 2015,"[{'url': 'https://t.co/l1T724hMSy', 'expanded_url': 'https://twitter.com/i/web/status/1367184017855021064', 'display_url': 'twitter.com/i/web/status/1‚Ä¶', 'indices': [113, 136]}]",0
2021-03-03 18:30:34,1367180615704055818,@eddie_ga2010 Con gusto verificamos tu l√≠nea y tu recarga por DM ü§ì,TuentiEC,tuentiEC,Wed Apr 22 23:28:13 +0000 2015,[],0
2021-03-03 18:30:24,1367180572980895745,@eddie_ga2010 M√°ndanos un DM para acolitarte de una ü§ì,TuentiEC,tuentiEC,Wed Apr 22 23:28:13 +0000 2015,[],0
2021-03-03 18:29:44,1367180404332052480,"@_geminis3  Heeey gracias por la sugerencia, se la pasaremos de una al conejo Tuenti  üê∞",TuentiEC,tuentiEC,Wed Apr 22 23:28:13 +0000 2015,[],0
2021-03-03 18:29:03,1367180235720904707,"@deltavision1 ¬øQu√© dice? üëãüòé
¬øC√≥mo te ayudamos?",TuentiEC,tuentiEC,Wed Apr 22 23:28:13 +0000 2015,[],0
2021-03-03 18:27:13,1367179772569214979,"@RolandoPilatas1  Olv√≠date y despr√©ndete de una de esas telefon√≠as que no te dan m√°s, p√°sate a Tuenti y comienza a‚Ä¶ https://t.co/p5GlOSNegf",TuentiEC,tuentiEC,Wed Apr 22 23:28:13 +0000 2015,"[{'url': 'https://t.co/p5GlOSNegf', 'expanded_url': 'https://twitter.com/i/web/status/1367179772569214979', 'display_url': 'twitter.com/i/web/status/1‚Ä¶', 'indices': [116, 139]}]",0
2021-03-03 18:26:03,1367179477957156866,"@JuanAndresPeaT1 Heeeey Juan, tambi√©n puedes recargar por nuestra p√°gina Web: https://t.co/5rACEEdcPl o marcando el‚Ä¶ https://t.co/rNX6nDPMD4",TuentiEC,tuentiEC,Wed Apr 22 23:28:13 +0000 2015,"[{'url': 'https://t.co/5rACEEdcPl', 'expanded_url': 'https://www.tuenti.ec/recarga-online', 'display_url': 'tuenti.ec/recarga-online', 'indices': [78, 101]}, {'url': 'https://t.co/rNX6nDPMD4', 'expanded_url': 'https://twitter.com/i/web/status/1367179477957156866', 'display_url': 'twitter.com/i/web/status/1‚Ä¶', 'indices': [117, 140]}]",0
2021-03-03 18:15:42,1367176873223012356,@MateoSornoza Heeey es tiempo de desprenderte de las telefon√≠as que se llevan tus GB al m√°s all√° üëª P√°sate de una a‚Ä¶ https://t.co/GrRBM3U2JW,TuentiEC,tuentiEC,Wed Apr 22 23:28:13 +0000 2015,"[{'url': 'https://t.co/GrRBM3U2JW', 'expanded_url': 'https://twitter.com/i/web/status/1367176873223012356', 'display_url': 'twitter.com/i/web/status/1‚Ä¶', 'indices': [116, 139]}]",0
2021-03-03 18:11:51,1367175904972185603,"@EnriqueCSE90 Mil disculpas por el problema de la cobertura en tu zona, estamos trabajando d√≠a y noche para llegar‚Ä¶ https://t.co/D85QNDsaEx",TuentiEC,tuentiEC,Wed Apr 22 23:28:13 +0000 2015,"[{'url': 'https://t.co/D85QNDsaEx', 'expanded_url': 'https://twitter.com/i/web/status/1367175904972185603', 'display_url': 'twitter.com/i/web/status/1‚Ä¶', 'indices': [116, 139]}]",0
2021-03-03 18:05:00,1367174183151677442,@alvaypau Que bacaaan que disfrutes de Tuenti por eso no paramos de mejorar y de ley estamos trabajando en ampliar‚Ä¶ https://t.co/6QcnHiN4Hw,TuentiEC,tuentiEC,Wed Apr 22 23:28:13 +0000 2015,"[{'url': 'https://t.co/6QcnHiN4Hw', 'expanded_url': 'https://twitter.com/i/web/status/1367174183151677442', 'display_url': 'twitter.com/i/web/status/1‚Ä¶', 'indices': [116, 139]}]",0
2021-03-03 18:03:20,1367173762924367872,"@yaret2576 Heeey Luna, puedes escribirnos un DM para verificar tu l√≠nea de una!! üòâ‚ú®",TuentiEC,tuentiEC,Wed Apr 22 23:28:13 +0000 2015,[],1
2021-03-03 18:02:10,1367173468509372416,@AleVillaoficial Heeeey m√°ndanos un DM de una para brindarte la info necesaria ü§ì,TuentiEC,tuentiEC,Wed Apr 22 23:28:13 +0000 2015,[],0
2021-03-03 18:01:30,1367173300020015104,"@Llll77244934  Heeeeey que buena sugerencia, el conejito ya est√° preparando la coreo üòâ para traer el fuego a todo el Army üî•",TuentiEC,tuentiEC,Wed Apr 22 23:28:13 +0000 2015,[],1
2021-03-03 17:58:50,1367172628088303616,"@elboroto Heeeeey Jose, es hora de que te desprendas de los planes t√≥xicos que te amarran con letras peque√±as.... P‚Ä¶ https://t.co/lpAj0imJTU",TuentiEC,tuentiEC,Wed Apr 22 23:28:13 +0000 2015,"[{'url': 'https://t.co/lpAj0imJTU', 'expanded_url': 'https://twitter.com/i/web/status/1367172628088303616', 'display_url': 'twitter.com/i/web/status/1‚Ä¶', 'indices': [117, 140]}]",0
2021-03-03 17:55:29,1367171786853523458,@gazzu1992  Lamentamos que no acumular√°s tus megas del comod√≠n de regalo üò¢ pero recuerda que para eso debes activar‚Ä¶ https://t.co/JqqJr55Rid,TuentiEC,tuentiEC,Wed Apr 22 23:28:13 +0000 2015,"[{'url': 'https://t.co/JqqJr55Rid', 'expanded_url': 'https://twitter.com/i/web/status/1367171786853523458', 'display_url': 'twitter.com/i/web/status/1‚Ä¶', 'indices': [117, 140]}]",1
